{
    "faces":[35,1,0,4,5,0,0,0,0,0,35,5,6,2,1,0,1,1,1,1,35,6,7,3,2,0,2,2,2,2,35,0,3,7,4,0,3,3,3,3,35,0,1,2,3,0,4,4,4,4,35,7,6,5,4,0,5,5,5,5],
    "materials":[{
        "transparent":false,
        "doubleSided":true,
        "DbgName":"Dark-Glass",
        "DbgIndex":0,
        "visible":true,
        "vertexColors":false,
        "depthTest":true,
        "DbgColor":15658734,
        "colorEmissive":[0,0,0],
        "wireframe":false,
        "blending":"NormalBlending",
        "opacity":1,
        "depthWrite":true,
        "shading":"basic"
    }],
    "vertices":[-0.25851,2.93837,0.0685724,-0.25851,2.93837,-0.307093,0.122825,2.93837,-0.307093,0.122825,2.93837,0.0685724,-0.25851,4.50501,0.0685723,-0.25851,4.50501,-0.307093,0.122825,4.50501,-0.307093,0.122825,4.50501,0.0685723],
    "uvs":[],
    "metadata":{
        "version":3,
        "faces":6,
        "materials":1,
        "vertices":8,
        "generator":"io_three",
        "colors":0,
        "uvs":0,
        "normals":6,
        "type":"Geometry"
    },
    "normals":[-1,-0,0,0,-3.80462e-08,-1,1,-0,0,0,3.80462e-08,1,-0,-1,0,-0,1,0],
    "colors":[]
}